tweet,sentiment
arumai,positive
arumai,positive
appa irukura varaikum avarum enkita pesa mataru naanum pesa maten ipo appa ila yenguren irukura varaikum arumai theriyadhu evalo baaratha sumandhutu irundharu nu adha enoda thozh la vekurapo dha puriyudhu,positive
arumai,positive
arumai theriyala avingalauku,positive
arumai sister,positive
location arumai,positive
arumai anna,positive
arumai thambi,positive
arumai,positive
super arumai sister,positive
trailer arumai,positive
arumai da,positive
arumai arumai nala vilakum,positive
arumai yana design akka nalla iruku akka,positive
arumai arumai,positive
arumai yana pathivugal na,positive
arumai arumai nala pathil,positive
arumai yana vasakam,positive
arumai doli avana serupalaye adikkanum,positive
ethu peru thaan pottu vangarthu arumai arumai,positive
nandri,positive
nandri bro,positive
nandri nanbare,positive
nandri annae,positive
nandri anna,positive
thats pm modi apology keta vayala nandri nu solla vachar pathingla manick baba,positive
nandri,positive
veettukku kelambutn nandri,positive
nandri thomas happening btw,positive
nandri bro,positive
nandri ka,positive
nandri arasi,positive
template ku nandri,positive
nandri bro adhuku thaan hair vitutu iruken papomm,positive
nandri bro always inspiring from pavi pup,positive
nandri dr,positive
nandri mams,positive
nandri jd,positive
nandri,positive
nandri anney,positive
nandri pa,positive
nandri dr,positive
nandri mams,positive
nandri bro,positive
nandri vanakkam,positive
nandri mams,positive
nandri,positive
nandri bro,positive
nandri thomas when,positive
nandri theivame,positive
nandri anna,positive
nandri kannan,positive
nandri thalaivare,positive
nandri anna,positive
hai sir first congratulations to you and your team,positive
nandri dr,positive
mohan tnr bfc la plan ennava irukum ennava irukanum neenga enna ninaikuringa siva sakthi injury nala,positive
vikraman fan nu proof lam thevaye padathu kamalii nama fandom ku kudukura respect how we treat our own fandom genuine ah irukanum adhuku proof theva ila,positive
namma karuthu makkaluku nallatha irukanum madam,positive
muttu na ipdi irukanum hari nadar jeichalum paravala uma nallavan,positive
transformation ah ipdi irukanum,positive
niyathin pakkam epavum irukanum,positive
thirudanuku thael kothuna mari pothitu irukanum nenga pesuna desha bakthi ah da nanga pesuna thapa da,positive
rendu perum same time onlinela irukanum thambi,positive
irukanum nu asa patanga ana illa irunthalum promote panuvom nu panitu irukaga,positive
athu taste ah irukanum illana mothama oothikum,positive
ama negative shade character nu pottu irukanum,positive
sari sari kudichitu amaithiya irukanum sariya,positive
story plot heavya irukanum ninaipom asaulta allow pannida kudadhu adhuku avan podra effort seducing balama irukanum,positive
nov anna entry mass ah irukanum arrange pannidunga,positive
ithukku than solrathu namma aaal oruthan ulla irukanum nu tq sirrrr,positive
amith mathiri oru friend sindhu mathiri oru wife amp adithya mathiri oru friend ithellam kedaikanumna konjam kudigaranaa attitudeirukanum,positive
anna tharama irukanum industry alaranum anna,positive
enna aanalum jolly ah irukanum,positive
niyathin pakkam irukanum,positive
chennai odi also nitin menon dhaan umpire ah irukanum you can see all your favourites alltime,positive
revenge na ipadi tha irukanum,positive
ma neee inimel unnoda daughter kaka nalla iru pathukkao ok va avalukku dream favorite pudicha madhiri job sports or everything accept panni congratulations panni vali anupu and innoru vishyam fake guys kitta irundhu unnoda ponnu ku eppidi strong uh irukanum,positive
happy birthday machan treat kudukama poiduviya niii inimelachu kurumbu pannama irukanum,positive
congratulations both kadasi vara ipadiya positive vibesoda rendu perum irukanum,positive
ipdiyea irukanum oli agamaa irukanum kadavulea,positive
varusam bjp kaala pudichi aatchi senjappo intha veeram irunthu irukanum,positive
enga ponalum thirubi poga oru veedu venum athunala namaku puduchavaga irukanum ilana entha travel um nalla irukathu bro,positive
first time vijay preponed his movie release before diwali bcoz diwlai locked for antha bayam irukanum daa effect,positive
kalutha pudichite ukkandhu irukanum station varaikum idhukagave neraya vati door kitte stading la varuve,positive
deep analysis super sir,positive
super,positive
super ponga,positive
super super annaam waiting,positive
super morning,positive
super na,positive
super appo no alliances with admk thanaae,positive
ok mams super,positive
super ji,positive
super tholi,positive
rd sema comedy super thambi,positive
super,positive
sema super ah irukku ivlo kammiyana idathula kana katchithama stylish kattirunga valthukkal,positive
naan inniki concert poren such an inspiration he ism super excited,positive
super idea boss,positive
oh super na abuse pannana wharey whaaa enga kudunga papom,positive
akila ulaga black hole super star,positive
nee yarukku vote potta ivanuka,positive
kannukku munnaadi oru periya katchiyae attaya potta unnaye evanum ketkala ithava ketka poranuga pavamda makkal ungala mari thirudanuga kitta mattikttanga,positive
avanga shivik pota ignore panna soldringa athe maari engaluku shivin pudikala nanga crop panni potta ignore pannitu poga vendithane en quote panni katharanum ivlo per vanthu neenga avangala sollama engata sollitu irukinga,positive
marfin pic potta nena pa bro,positive
hai nega potta photos samaya irukku,positive
virat potta podhum,positive
ohh music potta tha award kodupigala ennoda adutha padathula na tha music director podu da bgm,positive
indha comment ah andha page la potta nallarukkum,positive
ohh athan unga anna biriyani meeting potta appo phone media allow pannalayo,positive
thu pothuva potta pathivu ithana per enna nu kekka vanthanga paathingala ellarumey comment ku reply pannala pola,positive
promo la epdi ney teriyum athukulla epdi judge panreng fans naama pesrathu vera page post podrathu vera leo hype is because of loki nu oru tweet sfc page potta ineram enna enna solli irupenga,positive
ipadi emoticon potta neenga innum oru dozen time visit panni confuse aaganum,positive
da da vera level movie coffee,positive
shorts Ullathiley nee irukka unnai nambi Nan iruka  Dr  Seergazhi S        via,positive
Enaku oru aasai inga iruka nirya peru oda orginal photo parkanumnu especially u  amp  shakthi boy,positive
Un kaila thanda maname iruka avengers kang dynasty script a nalla writing panniruda samy,positive
Nanum iruka romba nanri,positive
Kaathukute iruka vendiyadhu dhan,positive
FZ  Ethuku vekka padanu perumaiya solluven da ak fan Nu ak nadika theriyamala mela vantharu funda   paavam nee enna pannuva   avan olunga movie select panni naduchu iruntha avan yen ippadi   peru fan oda iruka poran,positive
h  S         En heart la iruka open panava door ah,positive
Andavar with his hairstylist Pradeep Nissanka Nish    Theeya iruka yaaaaa KamalHaasan Indian,positive
neelambari Pls poi thoongu  Medicines naala nalla thookam Varum  Don t strain your eyes  Phone ah vechutu dhayavu senju thoongi rest edu   twitter n naanga inga dan iruka porom   Pls take good rest,positive
prasann Una Dan kalaika mudium enaku Vera yar iruka guys la friends,positive
Epdra iruka,positive
Apdiya  Even though I know many people who liked Vikram more than Kaithi and it has proofs like the highest collection movie of lokesh's direction and also in rating wise Vikram got more and highly impressed by many people  Un ista mayiruku pesuna ketutu iruka mudiyathu da baadey,positive
Jeichite iruka mudiyaathu ella time um ella seriya pogathu peak paatha actors  legends eh flop kuduthu irukanga  Thatti vidu,positive
Epdi iruka man  Paathu romba naal aachu,positive
Ithu dhan indha thittathoda flip side   Varushathula ella naalum vayal velai iruka porathilla   Overall ah season time illadha naatkal ah pathu indha     days schedule panna yarukum problem irukathu,positive
Evalo cuts tha vachu iruka,positive
queen na character nalladhaan irundhu aganu  illena yaru respect panuva  queen na ve iruka modiyadhe   i cannot stop tactics  good tactics may also be there  until i know whats tactics,positive
kamaraj Vote podatha bro unagaluku pudikalana   dmk matrum athan tholamai katchikum nexr time   yaru ithukulam serethu poraduvangalo avunga kuda travel panuga  nan en thalivar mela iruka patrula polambitu irukan,positive
So cool     Vaathi kannadiyum tshirt la iruka kannadiyum same to same   Vikraman  VaathiVikraman,positive
Una madri actually iruka mudyadu theryuma    You trust and love everyone    Romba deep ah avangala analyse pani judge panradhu illa   You behave based on what you see  apo apo influence mattum aidra  But neeya mudivu pana you like people for who they are,positive
Me to me   Silanal Nalla jolly ah iruka  Sila nall sogama iruka  Purinjiko machan Love yourself,positive
Intha Mathiri ipo oru Movie pananumnu aasa irukum but mudiyathu Avara suthi Iruka Business antha alavuku agiduchu,positive
Pinnadi Iruka Pani ah vida bright ah iruka thala,positive
Kitchen la kooda women dominance iruka koodathu nu Cooking kathukuravan than da unmayana Misogynist,positive
Lokesh      Bro indha paiya oda page link Iruka bro    Vera level sambavam pannirukaru    Subscribe panna and avaroda more videos pakka  wait pandra,positive
anbue   Arunvj    baanu  jasmin        JD        Unga tweet error    Celebrity iruka vendiya iduthala small ur varum broww,positive
TeaShop open pannu bro  IT Companies Adhigama  Iruka Side  Neeye Ukandhu Vela Paaru    Then Neeye Raaja Even Yaaraiyum Edhir Paakama Olacha Nalla Padiya Irukalam,positive
kuzhals   Except few  age la maturity ah iruka vaipilla   andha few also will get maturity based on experience in short span of exposure to variety of humans Now it's probably due to digital yugam more exposure is happening to children,positive
Indha pic Hd Iruka,positive
Athu padi iruka kudathu mams audio launch la apo tha ithu perusa therinchu irukum,positive
avi nash  Ayalaan lam release aavum nu nambikka iruka na,positive
Maaveeran Ayalaan SK   SK VP      padam kanaku crct ah iruka,positive
Dei Netflix iruka,positive
thala itha dhan nee   masama sollitu iruka  i really admire your political knowledge,positive
Raja rajacholzaroda perana pa nee ila entha natuku raja va iruka,positive
Failure story nu potathala than padikave start panna success nu potu iruntha paduchu iruka matan  Yappavume failure story la than oru interest iruku,positive
erode east election area la iruka ellarukum ithe mathri  Raja  life than DMK kudukuranga nengalum ponga ungalukum kedaikum   Election varaikum nengalum Raja   than,positive
SemayA iruka,positive
Enga area la elar veetlayu garden maintain panuranga  Iruka konjam place la,positive
Enga side Keka vendiya avasiyame illa Bro    Andha page arambichadhula irundhu pona Superstar bday varaikkum ungalukku support thana panitu irundhuchi andha page    Oru limit ah thandi pona    followers Iruka id oo    k Iruka id ohhhh  React Pani dhan avanum,positive
En manasula iruka barame koranjuruchu,positive
Rajini ku blockbuster iruka,positive
Indha interview link Iruka,positive
Navv Danny anna Marvel movie lam iruka na   Periya aal poliye ne Singam,positive
umar    offll I don t think so velinaatukaran low cost labor demand iruka varaikum inga ela IT industry work aagite irukum,positive
MA Fighter Id still iruka,positive
Nice bro   anga Indian shops lam Iruka,positive
En manasula iruka barame koranjuruchu  seri enga ipdi unpopular opinion solli oorula kadichi vekka poranga nu dhaan pesave illa,positive
Gumunu iruka,positive
Ipo than Manasu la iruka Pain la pona madri  oru feel Tks Bro    Endrum nan MakkalNayaganAzeem  Fan,positive
s Entha Mari anupavam iruka,positive
Idhe mathiri few years back  naanum WhatsApp chat Inga share panne  en team la iruka oru paiyan comment la vandhu  boss ningalaa idhu nu shock kuduthutan,positive
Stan  Unnala movie ripper kitaiyae pesiten da    vera sunnxt iruka nu ketruken papom,positive
Ajith varapa kootam iruka pic podu da,positive
Annan oru vartha Sona Tamil Nadu la iruka ennamadri ntk katchi ilatha pilaigal pathukapukaga Annan pinala nippom,positive
Athreyada offl Anna saapdrathula enna puthusa Iruka poguthu     Just troll avlo than athum fans ah than   free ah vidunga,positive
Yepdi iruka,positive
Kartikeyan   Edho Iruken Madam  Enna Nyabagam Iruka,positive
BEmech Good when they come enaku clients iruka oor lam inum varala    Soon,positive
Nee Nalla Dhan Iruka,positive
Epdi Iruka,positive
tweete     Lyca Tweet Iruka,positive
Nethan clg life enjoy panitu thana iruka,positive
Idha dhan kaalam kaalama school la iruka aayanga pannitu irundhanga   The western world is just catching up with it,positive
Unaku yena pa jolya iruka,positive
sivam   Nala iruka,positive
Rajeshlms  Annna  link iruka,positive
dhoorathula irundhu romba azhaga iruka dhevadhai ku nalam virumbi avlodhan     she s beautiful not just because the way she looks  but the way she behaves,positive
Enaku varisu deleted scene venum adhu iruka nu sollunga,positive
When someone says  En machan single a  iruka   commit agidu life jollya irukum  getha irukum   Le me,positive
buddy chennai laya iruka,positive
Adatum vidunga konja neram jollya irukatum   ipo iruka pasanga lam mobile tv laptop ney irukanga   intha kolanthayachum veliya vanthu vilayadatum,positive
Sun nxt water mark oda iruka,positive
Tamil iruka,positive
Chennai la iruka elarum safe pa iruka,positive
BindhuR            Ippadiye usuppu ethi vidunga   thala erkanavey hit list la iruka pola   takkunu comment ah Maathi naan appadi dhan da pannuven sollida poraru,positive
Yov Admin uh Neemattum than ya enmala pasama iruka time ku crct aha sapda solli notification Send pannidura  Nee enga iruthalaum Nalla irupa ya,positive
Guys intha tweet la yethum tappu Iruka,positive
Suriya    ethum update iruka bro,positive
Boss Bakrid      is my guess    Maaveeran vs Agilan ah iruka neraya vaipu iruku   lets wait and watch,positive
Enoda old side lam nabagam iruka nae,positive
Mens clothes la avlo discrepancy iruka enna,positive
Ellarum polambitu iruka post la vandhu  oruthan mattum flex pannitu irundhan,positive
Sk vachi poda theriyum fan fights lam vendam nu iruken   Athu yaen ena vida elder ah iruka avaruku puriya maatinguthu,positive
Namma ovr apdi ipdi nu aaduna kooda last over la neraya game jeichom adhuku kaaranam Namma batting Hussey Faf Jaddu  Ms Raina  Ivangaluku adhudhan polappe Namma team la  Bravo edhadhu oru match dhan apdi aadi irupan adhu kooda naama nambi iruka maatom,positive
ennapa ellarum thidirnu ipdi kilambureemka urutta iruka pothu,positive
paravalaye inu nyabagam iruka,positive
Paatta Intha print la full movie link iruka bro,positive
Prime la iruka,positive
Konja neram sandhosama iruka vidringala da,positive
movieholic  Karthick Neyum en vibe la dhn iruka,positive
Oh innu    varusham iruka     Talk to some one in early twenties    Today is tat    years,positive
rg Full video link iruka,positive
Aparam epadi theriyama iruka,positive
Ohhhh kilamburadhula ivlo iruka,positive
me  Hema Pic   iruka  um favorite,positive
Manusan vaazhndhaan ya Idhu correct ah iruka,positive
enna nei jolly ah iruka pola,positive
Man   Epdi iruka,positive
Trailer late ah parthavanga like podunga,Positive
Move pathutu vanthu trailer pakurvnga yaru,Positive
Puthupetai dhanush  ah yarellam pathinga,Positive
"Dhanush oda character ,puthu sa erukay , mass ta",Positive
vera level ippa pesungada mokka nu thalaivaaaaaa,Positive
Thala mass . U1 bgm.     Vera level,Positive
kids reference  Maadila irunthu kudicha Shakthiman kaapathvaaru,Positive
Aiyoo thala mass pannita thala,Positive
Tharamaana sirappaana sambavam inimeal ta paaka pora....,Positive
Viswasam trailer paathutu Inka vanthavanga like panuga,Positive
Maran  kattu kattitamnue verithanam thaliva,Positive
Ella trailer la last la oru Mass dialouge vaichikuringaaa paaaa,Positive
Eppa Saamy thala padathula Vera director pera...pakurathu evalo periya santhosama iruku.....,Positive
Kanithan and mugamoodi Neenga nambalainalum ithan nesam,Positive
Enakku iru mugan trailer nyabagam than varuthu,Positive
ARE YOU EXPECTING HAPPY DEEPAVALI FORCE DIALOGUE IN 2.0 MOVIE,Positive
1 hour 1 million likes,Positive
Raww vana padama iruku  all the best,Positive
Thalaiva.. full Support from kerala Mohanlal Fans,Positive
Thalaiva ungala screen pakkum pothey ippadiiii erukinga na  Nerla partha yappidiiii erupinga Oru murai tharisanam kedaikumaaaa,Positive
Thala koda compare panna yarukum thakuthi kidaiyathu mind it,Positive
Marana mass marana style marna gethu mass trailer rajini,Positive
Paruthiveeran Karthi Back  Lokesh Kangaraj Screenplay,Positive
"Namma kitte kaadu iruntha,eduthukuvanga Namma kitte roopa iruntha, pudukiku vaanga Padippu mattum namma kitte irundhu eduthukave mudiyathu  Superb lines",Positive
Ethukkuda ivlo actors hypo....thalaivar padamna avar matumtha  irukanum...,Positive
Thlaiavaa... Thalaivaa... Thaliava... Thalaivaa.... Thalaivaa...,Positive
Super dhanush Anna mass waiting asuran,Positive
Vera lvl thalaiva u r great,Positive
Ellam avan sayal movie mathiriya irukku,Positive
Boss you looking so handsome and young,Positive
Pattaya kelapitey Siva!!!  Awesome!!!,Positive
chitii come back I am waiting get ready to 2.0,Positive
"Looks thrilling, thala get up super as lawyer , dai pandey neeya da",Positive
Ena da nadakuthu inga.. Epaaa sathiyamaa edir pakatha trailer.. TOTALLY UNIMAGINABLE TRAILER. THALIVAR,Positive
Thala da    By thalapathy fan,Positive
Sun picture best or Vijay TV best sp best na dislike pannuga Vijay TV best na like pannuga,Positive
Last dialoge thala fans ungalukkuta Iam Vijay fan trailer super,Positive
Hollywood range la iruku padam Kandipa blockbuster hit! Semma story....,Positive
But ore oru varutham ennana Sunday release pannirukkalam yesterday aavathu announcement pannirukkalam,Positive
Semmma style... rajini sir is back...,Positive
My Dear Thala ahhhhhhhhhhhhhh semma GETHU,Positive
Idduke 500 va tarlam... kolla mass,Positive
Movie savadi vera level poo..thalaivar thalaivar thaa..mass,Positive
Super thalaiva .Semma mass. Intha movie blockbuster thaan. FDFS poravanga like pannunga.,Positive
3 minute trailor vida thil irukkaa....bollywood la panranga....tamila mudiyuma?,Positive
Trailer fast ah podu Ana Background la main bgm illaye Fyt Ku Varadhinga Da Unmaiya tha slura,Positive
Superb  Vivek Mervin pinnitinga ponga... Ungalukagave padam pakanum,Positive
Viswasam likes aa pathu payainthu vainthavainga yar yar like pothathu.....,Positive
1:36 *thaa enna look-u daa saami  That bgm lit,Positive
Guyzz 1m likes vara varaikum vitraadheenga...,Positive
Velraj sir thalaivana masss a kamchirukaru vera level u,Positive
Iam vijay fan kerala and iam waiting super star's petta,Positive
thala looka apdiyae vechurkaru pa.  Without audio la paata thalaikum ivrukkum vityasam teriyathu,Positive
Dai yaaru da athu? apadi enna da enga thala mela ungaluku Gaandu?,Positive
Iam sk fan aanaa trailer semma,Positive
Wow padam tharu mara iruka poguthu  This pongal petta diwali,Positive
Sema mass marana mass tha i love rajini,Positive
800k likes varavareku nanu thungamatte nenaikiravage like podunge,Positive
Damn..im a proud. Chiyaan vikram fan..,Positive
Enna panna porom sweet sapda porom....,Positive
Vaa thalaiva via diwali mass ur movie bikil  out,Positive
Veralevel performer Dhanush sir,Positive
No means no entha dialogue thalaya thavara yaru sonna nallairukumnu tharayala,Positive
Super akshay sir i love u sir,Positive
Looks like he will SET SCREEN ON FIRE,Positive
Ninga vena yenkuda classah passah suthla aana yen massu yennanu teriyathulla,Positive
Romba sandhosama irukku. Thala ipdi suspense movie la nadichadhu.and rlz kaga waiting.,Positive
Villaina mass aa kattallayea.  So sad.  Villain mass aa iruntha thaa movie mass aa irukkum,Positive
Trailer vera level athana Da....aamai kunjugala,Positive
Trailer late ah parthavanga like podunga,Positive
Move pathutu vanthu trailer pakurvnga yaru,Positive
Puthupetai dhanush ah yarellam pathinga,Positive
"Dhanush oda character ,puthu sa erukay , mass ta",Positive
Thala mass . U1 bgm. Vera level,Positive
0:28 90's kids reference Maadila irunthu kudicha Shakthiman kaapathvaaru,Positive
Aiyoo thala mass pannita thala,Positive
Tharamaana sirappaana sambavam inimeal ta paaka pora....,Positive
Viswasam trailer paathutu Inka vanthavanga like panuga,Positive
Maran kattu kattitamnue verithanam thalivaaÄ…a,Positive
Ella trailer la last la oru Mass dialouge vaichikuringaaa paaaa,Positive
Eppa Saamy thala padathula Vera director pera...pakurathu evalo periya santhosama iruku.....,Positive
Kanithan + mugamoodi Neenga nambalainalum ithan nesam,Positive
Enakku iru mugan trailer gnabagam than varuthu,Positive
ARE YOU EXPECTING HAPPY DEEPAVALI FORCE DIALOGUE IN 2.0 MOVIE,Positive
1 hour 1 million likes,Positive
Raww vana padama iruku all the best,Positive
Thalaiva.. full Support from kerala Mohanlal Fans,Positive
Thalaiva ungala screen pakkum pothey ippadiiii erukinga na Nerla partha yappidiiii erupinga Oru murai tharisanam kedaikumaaaa,Positive
Marana mass marana style marna gethu mass trailer rajinified,Positive
Paruthiveeran Karthi Back Lokesh Kangaraj Screenplay,Positive
Diwali annante aniyan ullaltha Step back bigil,Positive
"Namma kitte kaadu iruntha,eduthukuvanga Namma kitte roopa iruntha, pudukiku vaanga Padippu mattum namma kitte irundhu eduthukave mudiyathu Superb lines",Positive
Thlaiavaa... Thalaivaa... Thaliava... Thalaivaa.... Thalaivaa...,Positive
Supper dhanush Anna mass waiting asuran,Positive
Vera lvl thalaiva u r great,Positive
Boss you looking so handsome ND young kekaa,Positive
Pattaya kelapitey Siva!!! Awesome!!!,Positive
Dahaaaaaaa chitii come back I am waiting get ready to 2.0,Positive
"Looks thrilling, thala get up super as lawyer , dai pandey neeya da",Positive
Ena da nadakuthu inga.. Epaaa sathiyamaa edir pakatha trailer.. TOTALLY UNIMAGINABLE TRAILER. THALIVAR,Positive
1:43 Thala da By thalapathy fan,Positive
Last dialoge thala fans ungalukkuta Iam Vijay fan trailer super,Positive
Hollywood range la iruku padam Kandipa blockbuster hit! Semma story....,Positive
But ore oru varutham ennana Sunday release pannirukkalam yesterday aavathu announcement pannirukkalam,Positive
Semmma style... rajini sir is back...,Positive
My Dear Thala ahhhhhhhhhhhhhh semma GETHU,Positive
Idduke ?500 va tarlam... kolla mass,Positive
Movie savadi vera level poo..thalaivar thalaivar thaa..mass,Positive
Super thalaiva .Semma mass. Intha movie blockbuster thaan. FDFS poravanga like pannunga.,Positive
Superb Vivek Mervin pinnitinga ponga... Ungalukagave padam pakanum,Positive
Guyzz 1m likes vara varaikum vitraadheenga...,Positive
Velraj sir thalaivana masss a kamchirukaru vera level u,Positive
Iam vijay fan kerala and iam waiting super star's petta,Positive
Oh my god .. it's rajini for you,Positive
0:52 thala looka apdiyae vechurkaru pa. Without audio la paata thalaikum ivrukkum vityasam teriyathu,Positive
Iam sk fan aanaa trailer semma,Positive
Wow padam tharu mara iruka poguthu This pongal petta diwali,Positive
Sema mass marana mass tha i love rajini,Positive
800k likes varavareku nanu thungamatte nenaikiravage like podunge,Positive
Damn..im a proud. Chiyaan vikram fan..,Positive
Enna panna porom sweet sapda porom....,Positive
Veralevel performer Dhanush sir,Positive
No means no entha dialogue thalaya thavara yaru sonna nallairukumnu tharayala,Positive
Super akshay sir i love u sir,Positive
Looks like he will SET SCREEN ON FIRE,Positive
Rmba sandhosama irukku. Thala ipdi suspense movie la nadichadhu.and rlz kaga waiting.,Positive
Villaina mass aa kattallayea. So sad. Villain mass aa iruntha thaa movie mass aa irukkum,Positive
doctor saar avaru public ah cure for autism testing the autism medication nu poi solluradha padichitu vandhunippafi oru urutu uruturenga na neenga evolo peria aala irukanum doctoreh,positive
Shriya  Super ah iruka,positive
Brother   apo Iruka nelama vera   ipo Iruka nelama vera   business inum apdiye va iruku    big star ooda movie epo epidi vandhalum oru MG irukanum   adhu ipodhiku Vijay ku matum dhan iruku IMO   best eg  beast,positive
Wikipedia la lam indha movie Parthi iruka a,positive
Already rendu kanathulayu naalu naalu idly adakitu iruka,positive
Drone la hidden video eduka mudiyathuda nixa     Chinna pillayave iruka,positive
vera level ippa pesungada mokka nu thalaivaaaaaa,Positive
Thala koda compare panna yarukum thakuthi kidaiyathu mind it,Positive
Ethukkuda ivlo actors hypo....thalaivar padamna avar matumtha irukanum...,Positive
Sun picture best or Vijay TV best sp best na dislike pannuga Vijay TV best na like pannuga,Positive
Dai ranjit nee idha parthu film eduka kathuko,Positive
Trailer fast ah podu Ana Background la main bgm illaye Fyt Ku Varadhinga Da Unmaiya tha slura,Positive
Viswasam likes aa pathu payainthu vainthavainga yar yar like pothathu.....,Positive
1:36 *thaa enna look-u daa saami That bgm lit,Positive
U1 kaga paakuradha illa sk kaaga verukuradhane therila but mithran + u1 kaaga kandipa paakanum,Positive
Dai yaaru da antha 36k? apadi enna da enga thala mela ungaluku Gaandu?!,Positive
Vaa thalaiva via diwali mass ur movie bikil out,Positive
Trailer vera level athana Da....aamai kunjugala,Positive
ayyappan is youtube journalist to whom you givenfireyyy ipo exposed bb corrupted na edhuku ya unga vikraman ulla en vote panuna makkaluku nandri nu kathitu eruntharu modi kum oscar kum enna ya relationship puriala,neutral
itha quote tweet panathuku nandri,neutral
aang summa ne ivankoodatha irukanum ne iva koodatha irukanum nu yarune theriyadha rendu peruku munna pinna feeling onnu kodukama indha poi onna vaazhuganu urge kulla thalluradhu parents thana ippola neria peru veetla force panragakagatha mrg eh panraga,neutral
innaikku naanum try pandren but athukku avan number ah car pinnadi pottu irukanum avanum car la irukanumee,neutral
dai rrr popular aanathula irunthu thodarnthu vayiru eriyura kootam namma kottam than atha vidu oscar vanguna apram athuku congrats sollanum illa moodikittu irukanum enga kitta award iruku nu sonna athuku peru enna vayithrichal thana atha sonna thappa,neutral
indian team nala ini oru icc cup um adikka mudiyathu adikka maattanunga apdi icc cup adikanum na pant captain ah irukanum ruturaj amp samson team la irukanum itha nadantha than cup adikka atleast chance iruku,neutral
namakkul irukkum valigal aayiram athai velikattamal epothum naam santhosama irukanum itha na unga kitta kathukitten nanbaney,neutral
sandhula update ah irukanum idaila kya matter water nu vandi era koodathu,neutral
thala seevaradhu seevama varadhu avaroda thanipatta viruppam padathula andha look mass ah irukka should appreciate avlothan on screen laiyum off screen laiyum ore maari irukanum nu soldrathu lam,neutral
low bp varum salt crctaa irukanum athigamavum iruka kudathu kammi yavum iruka kudathu,neutral
athu left curve athu onum right curve kidaiyathu kandipa antha car avalvu right side poi iruka kodathu poi irunthalum left eduka try pani irukanum unga car mathiri inside la camera iruntha antha driver enna panikitu irunthu iruparunu theriyum,neutral
tasmac and school evlo distance irukanummean orey street la tasmac and schools irukalam ma,neutral
yess annan oru pakkam jai bhim oru community pathi padam edupan thambi inoru pakkam muthaiya kuda inoru community pathi padam pannuvan itha pathutu oorkula communal violence vanthum orthar inorthar aa adichitu saavanum aana ivanunga santhosam aa irukanum,neutral
editor oru avadhara purushan ah dhan irukanum,neutral
pala naala expect panitu iruntha movie andam totally disappointed except sir matha ellame sothapal next padam sambavama than irukum irukanum namburom,neutral
neenga la kadaisi varaikum ipdi pesittu mattum tha irukanum first oru director ah olunga choose pana sollu antha avana,neutral
gentle man na married ah irukanum ah,neutral
hrs engayoda trip poitu vandhu aduchu potta mari thoongitu irundha,neutral
fake id vachu pottaah thaan ilupaanunga,neutral
nee potta enna podalana enna unnoda kanna paththu naan enna panna poren,neutral
apdiya full ah potta nangalu papom la,neutral
ath vijay fans konjam sollunga suriya kk ethachum oru update tweet potta vandh kadharama irukka enak unkooda fight panna virupam ila na fans panrath than solren illathath ethum sollala,neutral
Pakathootu ponnu vena  atleast dhoorama iruka ponnachu venum la,neutral
Athula mothalla song iruka da,neutral
Twitter circle iruka or WhatsApp group  Interested in next session,neutral
Cake cutting iruka ah,neutral
yrs kalichu IV ponapo beach ponen pona August uh ipo marubadi craving for Beaches        Oru Thallosophile ah mountain area la iruka vekranga,neutral
Eluthu oru nala vella kedaikurathu kula iruka velaya vidamatan nu eluthu,neutral
Idha dhan sonen sarkar la vara mari vitu iruka hair style nu,neutral
Space ilama than irukuradha Potrukan Space Vekka yaaru Ungoppana Space Kudupan    Lokesh Oda Carrer Best Kandipa Kaithi Than  Selva Odathu Ao Masterpiece Than  Idhu Rendume Unaku Therilana Inga yenathuku Mmbitu iruka,neutral
Gomtha Onnumey Upto datela iruka maatre yaaruda neenga   CookWithComali Upload panuraaa,neutral
Nybagam iruka  AK,neutral
Tamil la iruka,neutral
Nambala suthi aalunga irunthalum thanimai ah iruka mari feel panni irukingala sir,neutral
is a hooman neraya seasons vera  iruka adhula,neutral
Siva Yennaya panitu iruka,neutral
Hasini maari  ipo iruka ponunga  cringe tha   panuvanga so  parama poi velayapathu urupada paaru cinema nadike mathiri iva venum ava venumnu solama      Dhanush na bless u annaya,neutral
Inna mame epadi iruka,neutral
aji Ena dimps   kushia iruka,neutral
Adei namma tamil sentiments mathri avangalukum Antha sentiments iruka da  even rishabhshetty  rishab denied to do this during his interviews  Cringe ku use panitu irukanunga adei  Cringe guy Pugazh  CookuWithComaliSeason  Kantara  Don t ruin sentiments and kill comedy,neutral
Eppovum thititu irupa inaiku sogama iruka adhaan,neutral
Village areas la iruka theatres lam  innaiku than Dada va release yea panranunga Innum   or   weeks solid ah Odum   Kavin Dada,neutral
Ithu enga Ivar iruka planet la ya,neutral
dmk  Apa dmk admk rendu perum velayaduringa mmm sari nengatha avanga konduvanthatha stop pannunga avanga open pannanga avanga open pannanganu solitu iruka,neutral
Kaathunu iruka,neutral
little  Anniyan Average ah  Yamma enna ma sollitu iruka,neutral
Ungalala nalla irukanum     But ungala vida nalla iruka kudathuu    real life fact Dada,neutral
Eppa dei ennada ella padathulayum iruka,neutral
little  Beast below average dhan  Romba biased a iruka koodadhu bro,neutral
SK     avi nash   Kartikeyan   fc  TFC  kuti      kamal name ila   yenda avara add panala     Yy haters nu caption la pottu Iruka la bro ipdi than teva ilatha vela panna haters varuvaanga,neutral
DEI WATCH PARTY IRUKA,neutral
Kgf pathu Copy pani lusu tha na ma eadu thu vachi Iruka ga   enga orula release aagi   day's na nu en friend pona ga aporam one more person    peru tha ticket vagu na ga Ava Padam poda mata nu soli ta    Micheal atha ticket ah runbabyrun ku mathi vitu ta theater Kara,neutral
Birow link iruka,neutral
offcl Nala iruka,neutral
Nala iruka,neutral
Neelambari Pls poi thoongu  Medicines naala nalla thookam Varum  Don t strain your eyes  Phone ah vechutu dhayavu senju thoongi rest edu   twitter n naanga inga dan iruka porom   Pls take good rest,neutral
Oru fan oru light tha iruka veetla,neutral
Chedii paki epadi iruka busya phone edukala,neutral
Already reverse gear lo iruka better than ps,neutral
Mamae move on pannu ya   aththan bad story nu neeyae sollitiyae innuma antha ponnukaga feel pannitu iruka,neutral
NS    Torrent link iruka,neutral
Bro wrk la iruka speaker vara mudiyathu,neutral
Ethu maari pesitae iruka oru doli elaiyae  lover nu kuda venam our frnd aa kuda oru doli ela,neutral
off     Iruka naala thaan solren D kaprm STR thaan   athan bitter truth,neutral
ShwetaMohan   Idhu full song iruka,neutral
arjundas Enga vetu pakathula iruka clg tan,neutral
Naa ipo varaikum pussy na poonai nu tha nenachen     Yen vera ethavathu iruka,neutral
Na vaathi oda tshirt la iruka puliyoda kannadi ya paakuran    vikku mari kannadi pootu irukeyyyy,neutral
Pinkvilla post iruka bro,neutral
in Link iruka,neutral
S    Aish fanclub la vacancy iruka,neutral
High end products ku thaan ads la rate sollamataanga like benz  audi   Orae brand car  normal maruti ads la rate irukum  nexa ads la rate irukaathu Phone ex  iphone    ku rate poduvan aana    max pro ku pottu iruka maatan,neutral
Enna sachin bro enna mariye iruka,neutral
Shuffle aagi iruka,neutral
Mams yendha season pathutu iruka,neutral
perk Enga da iruka,neutral
Nanba already neenga solrathala panitutha iruka but no use,neutral
Gnabhakam iruka enna,neutral
vachitu naane vaangalam iruka go ahead,neutral
Nee enga pa iruka athula,neutral
thangam Subaa   Ivangaluku puriya veingalen   Ne urupuda matanu soldrathu vera   Road la iruka nai ha kulipati nu mention pandrathu vera    athu purinja than ungaluku ena sola varanganu theriyum   Concern iruku than ana atha avan entha parvai la vechirukan ndrathu mukiyam,neutral
BindhuR  Ne thedum nenjam naanaga iruka koodatha,neutral
Eluthu temporary happiness vachu santhosama iruka mataenu eluthu,neutral
Modi oda fake propaganda kum intha erode bye election kum enada samantham  anga iruka makkal komutta nuh nenachu pesuringala   ipo Samantha ilatha topic neenga thaya pracharam panringa,neutral
h I always love you    kalailaye edo kadupa iruka pola,neutral
ethana states pathu iruka,neutral
Introvert nu bio la change pannala iruka,neutral
Job vacancies Iruka sollunga akka,neutral
Full record iruka,neutral
Joker DC la ipdi yethum Iruka,neutral
Veera Simba Reddy tamil la iruka,neutral
Eagle     RithiVJ  Na iruka,neutral
Muthumai kaaranama naanum sasikalavum court ku varamudiyaadhu nu vaaidhaa ketadhu     maraindavargalai thappa pesakoodadhunu irundhaalum   neenga chumaa iruka maatringq,neutral
Apdi oru katchi iruka,neutral
Thank you   NCD la lock in period iruka  Can I withdraw in between  One more doubt is that income is taxable,neutral
Man   Insta account innum active ah iruka,neutral
Tharani   VTK Nayabagam Iruka  Epdi Tha VTK Audio Launch La STR Vararunu Producer  Ku Tata Kattikittiu Irunthom,neutral
Oorula iruka elaarayum vambuluthu sanda seirathu Aprm Twitter vara maten solitu thirumba vanthu depression status podrathuku  Life ah paaru bro    Real life persons kita mingle aagu  inga verum than varum,neutral
Naduvula   nu pottu iruka la musk paiyan name um indha maari dha number oda varum adha doubt,neutral
Intha nambikai ilathanala thaney avunga thanichu iruka palagitanga   oru murai sudu pata manam epadi bayam ilama thirumba antha uravukulla poga ninaikum avalo easya ellathiyum maranthutu,neutral
Thoothukudi ku ethum vela iruka,neutral
INDvsAUS   Australia won  Great match    India played well but win panni iruka vendia match,neutral
Naanu paathan  Tdy dha iruka idhu,neutral
Lawrence  vasu oda touch ithula iruka  scene,neutral
Enda epa pathalum thaniyave iruka  Na thaniya illa da ena thaniya aakitanga,neutral
Nallarkum na  Oru   pasanga iruka gang  kola seira Vela   oru payan amaithi hero    ponnu ooma  heroine   Ivanga rendu perayum sethu vaika frnds try panni sanda vanthu sethuduvanga  hero avangala kola pana poi sethuduvan  Antha ponnu thaniya railway station la wait pannum,neutral
T    nataraj   Adhu onu dhan iruka   vera ilaya,neutral
naan mean pannadhu en following la iruka SK mutuals ah other actor mutuals illa  Unwanted fight pannitu irundhanga,neutral
Edukuthu Heroic movie tamila iruka iruntha link venum,neutral
SK na cameo iruka illaya Rls date,neutral
Ithan ivanga kita iruka prachana   Ipo nee nalla irukurathala antha ponna avanga appa amma un kita irunthu pirichathu sarinu agidathu   anthaluku tq vera   nengale ipdi enathayachum nenachi manasa thethikurathukaga ipdilam lam potukitu irukurathu,neutral
Ipo lam yaru apadi iruka,neutral
Eppoda nu iruka nee,neutral
Indha maari iruka virumbhuguran   idha bookmark panni CSK vs MI match appo thookitu varan,neutral
Offcl  Boozer Ipo iruka mb nilama adhaan,neutral
Top   la Iruka movie  Adikadi maarite irukum,neutral
BindhuR  Survive pandradhu romba kastam nga    nammalala angalam iruka mudiyadhu   paaka asaiya dhan irukkum but winter will kill us there,neutral
h   ne Ena inga aludutu iruka unaku enachu,neutral
Avunga apdi irundha namalum apdi iruka koodadhu bro,neutral
Nani birthday spl edit iruka    bro,neutral
Namba ena senji irukomo atha soli vote kelunga Bro  inum antha generation la iruka pola neeum pesitu Avan adhu panitan edhu panitanu,neutral
Election commission iruka,neutral
Ne oru girl ne ipdi Dan irukanum    Idha Dan pananum nu na rules LA poda maten  Ne independent ah iru      Oru time relatives avarkita Ena unga ponnu ipdi pesitu iruka istathuku iruka neenga kekardilaya nu ketaduku  en ponna pati enaku terium nu oru statement Dan sonaru,neutral
Jana Governor tweet keela Iruka comments parunga oruthan TRB Raja ah tag panni  sir arrest him  nu potu Irukan,neutral
Unga olukam velakenna ennaku northeast ponnunga kittayum kashmir makkaltayum ketta theriyum  Entha thairiyathula oru makkal thernthedutha governmenta meraturanunga  Ulagathula iruka Ella military karanum orey marithan,neutral
Yes bro   got an option to move there but tax kagave venaam nu solitean  Just almost     salary angaye spend panra mathiri thaan iruku  athuvum with kids education fees ellam iruntha gaali  No one will understand this   ellarukum unakenna pa foreign la iruka thaa solvaanga,neutral
Naanum santhosama  illa namma kooda irukavungalum nammalaala neemathiya  iruka mudiyala  life,neutral
Joker Athan ava Iruka la,neutral
iyar Full tym ne dha nyabagathula iruka Ena panradhu twitter varadhae una paka dha,neutral
Tweetz    kyootie Dei nee Ella proof vechu Iruka,neutral
expiry   yenda mela iruka video paaru da award oda adhu perusu   adhuve vijay kita iruku nee ennada award illanu comedy panninu iruka,neutral
Yov editor nee poidu vettiya post thana potutu iruka,neutral
ben  Nee en ya oruthan potadha ipdi Ela pakamum potutu iruka,neutral
Kasa kasa nu iruka,neutral
dmk Thayavusenju intha paatiku paathukapu kudunga   Please intha naainga bera kamunu iruka matanungaa,neutral
So only Vera ethachum que iruka illa na poi edit pannava Rmb nerama pending la iruku,neutral
Hey Makkalay yaaru Darbar Motion Poster announcementku apram vantheenga,Neutral
ENPT ku kaathu kadanthathellam oru nimishathula poiruchu,Neutral
Remake of Malayalam Mohanlal movie Devadoodhan,Neutral
Sakthimaan fans like Sivakarthikeyen fans comment,Neutral
rajini and akshay fans hit like,Neutral
Ellam avan sayal movie mathiriya irukku??,Neutral
Hey Makkalay yaaru Darbar Motion Poster announcementku apram vantheenga,Neutral
Love u thalaivaaaaaaa avangala aarani Anastasia's Alabama and Anastasia's,Neutral
Aditi yum iruka  apo duet song tah          Maaveeran  Kartikeyan,neutral
IN Adha thanda ADMK nu potu kotta eluthula potrukan avane kootani katchi ku campaign pannitu inga vandhu list potu vechurukan andha list olunga paakama nee vandhu olaritu iruka avan oru kirukan nee avana vida periya kirukan,neutral
Vijay appan sonnathu neyabagam iruka,neutral
sharath         Yena ulaga kuppa varisu iruka mothu athu kooda ethaiyum eedu sekka mudiyaathu,neutral
Cr illama D movies Irundhuchu Atha vechu than Haters Aadidu pesidu irundhanunga Ippo Athum Vara start aaeiduchu      Kadharite iruka poringa da          Dhanush  Vaathi Sir CaptainMiller,neutral
En pa     Ipdi walking vandhutu    Fast food sapdringale epdi pa healthy ah iruka mudiyum  Nanga walking vandhdhe idha sapdadhan,neutral
Maturity to Mee Dei nan vanthathuku apramum nee apdethaan iruka,neutral
This guy  tamilnadu la Iruka matha Ella theatre la um nee venum na neraiya collect pannirkalam aana intha   theatre la naanga than di      Jailer,neutral
vfc  bro replay pandrathala than eppadi pottu iruka  avanuku comments la athikamma varuthu  adutha  tweets ku ethu react pannama irungalan avannea poiduvan,neutral
Ajithian   Ithuku pinadi iruka arasiyal romba peru   Already ne keta kelvilaye evlo koomutanu theriyuthu   Ini peasurathu waste     unaku etha mari karaikudi pakathuna kanadukathala irunthu evanachun varuvan avan kuda peasitu iru   mute,neutral
please fix twitter da mixture vaaya  nalla kutharkama tweet ah poduviye ipo enna paninu iruka,neutral
Inga iruka vendiya aaley ila da nee,neutral
Doli username crt ah vechu irukenga      Aprm iva anil ila da     Vaaram vaaram oruthar ku fan ah irupa    Joker dei neeyum avala matri crt ah username vechu Iruka   jodi porutham pakkava iruku,neutral
"Boni kapoor sir ini entha update illama ethum release panathinga sir, intha chinna pasanga tholla thanga mudiyala",Neutral
Padaiyatchi nu sonna mattum ungalukku jaathi veri nagi reddi settiyar mudaliar nu sonna adhu jaathi veri illaya,Neutral
Ninga vena yenkuda classah passah suthla aana yen massu yennanu teriyathulla,Neutral
"Yenda, padathoda ottumoththa kadhaiyayum idhudhan nu potu kaatra mariya da trailer pannuveenga.",Neutral
dmk ku vote potutomnu yarelam ipa feel panitu irukenga ipa teriyuthu daw eps uh unga arumai seirenganu ungala thappa pesi seira ivanugala kondu vandhu mudunju poch,negative
daii kiruku bunda goundamani senthil kuda sattaiya kaltti padathula vanthanga six pack illana muditu irukanu vjs broke panran adutha join pana kudathu namma kita illana sunni sathitu irukanum,negative
pan india padam naale action fantasy apdi irukanum nu expect panranga athan problem,negative
antha bayam irukanum da sanghi,negative
semma profit aana next movie ku director illa neelam inniyaram seththu irukanum da deii aamai munda,negative
yabbah konjanerathula nee potta uruttula naanae maatirupen justu missu nalla urutra man nee,negative
savukku ku koduthuttu meedhi dhan madesh eduthutu ponarunu madan clear uh solrare neenga madesh elathayum aataya potta madri narrative set pannitu irukinga,negative
Iyyappa  Thambi ne inga thaan irukiya   ennaya un follow senji vechi iruka,negative
one of the worst food delivery partners  they are clubbing the orders who lives nearby and delivering food which causes delay in service  Change this crap and don't think that ppl r fool enough to do again  Idhula vera pakkathula iruka veetuku delivery chg,negative
Anbuoffl Adhan ni book padichittala yen D fan ah iruka,negative
mano    Dai unaku vera velaye ilaya da epdi da epa pathalum twitter layum iruka veetla TV um pakara OTT um pakara velai ku elam poraya ilaya  ila twitter la Rajini ku muttu kuduka soli unaku salary ethum tharangala   Ne podra tweet elam pathale yaru da Ivan paithiyam nu tha thonuthu,negative
en ex ena mayir ah kuda mathikala ava purushan kuda jollly ah ava early mrg days ah enjoy panitu iruka,negative
azeem Unga  offl anna ooru la iruka girls id ha pathu intha mathri azeem support panni abusive panna sonnara ha  Sollu pa kettudalam  Suriya va tag pannithan kekuran,negative
SK   adhu ponna iruka vaaipu illa bro    yetho fake,negative
percent nalavana laam iruka vena atleast keezha potu methikama irukalam,negative
Aaana onnu   trophy adicha MI kooda ivlo thenavetta iruka maatainga,negative
Na summa irunthalum   ne summa iruka mata macha,negative
meedhi iruka moonu padatha vida kammiya dhan bro pudikum,negative
Athu therinja naanga yen ya amaithiya iruka porom  apdi therinju iruntha twitter top trending la irunthukum    Epotha announcement varum,negative
Maharaja Dey yen da naai maari pinadiye vandhu reply panitu iruka    dha chi po,negative
Thiruttu theeviravadha DMK la iruka nee pesadha pechada     Adipom  mbuvom nu pesitu Kadasila bayandhagoli DMK boys tweet ah delete pannitu ooduna kadhai ellam theriyadha,negative
Stray dogs should be controlled   neutering   put down   adoption    Should be combination of these    Illana ipdiyae kadi vaanginu iruka vaendiyathu thaan,negative
swiping on left on these hot vadak boys thinking they are way too over my league  only for me to receive  You missed a potential match   Match aanalum oneum kilichu iruka maaten  so is coool,negative
Ada paadu pasangala oruthakuda va road la iruka mattanunga,negative
ivanuku dupe lam iruka,negative
Ennana iniku overtime pathu kadichitu iruka,negative
ivara pathta death vara madiri irukku,Negative
Remake of Malayalam Mohanlal movie Devadoodhan,Negative
En da.. trailer layae ivlo slow motion nah.. padathula paathi duration slow motion layae mudichirpeenga polayae,Negative
Rajini ah vida akshay mass ah irukane,Negative
"Boni kapoor sir ini entha update illama ethum release panathinga sir,  intha chinna pasanga tholla thanga mudiyala",Negative
Neenga enna vena kathukonga aana Hollywood padathukku dubbing mattum kathukathinga,Negative
92k views 132k likes  Fraud,Negative
"Yenda, padathoda ottumoththa kadhaiyayum idhudhan nu potu kaatra mariya da trailer pannuveenga.",Negative
92k views 132k likes Fraud,Negative
pani poori ku pirandha unaku thaai mozhiyoda arumai theriya vaaipilla ongi sevul le vitta amma nu kathuviya mummy nu illa maatha ji nu kathuviya,negative
alagana valimaiyana kundi oppatharku arumai,negative
loosu thayoli cini market epdi iruku nu paru da punda,negative
ada thevdia mavane loosu pund mathiri pesunathu nee naan yaaruku support panna unaku enna da punda soothu eriyuthu enna mayiruku naan potta post ku reply mayiru oombuna pundaya mooditu unnoda velaya paaru,negative
avan oru aalu punda bullet oru poolu punda ne oru kena punda,negative
intha pundaiku than ni yellam laayaku varusa punda van paniyum naai adangala,negative
ada makku punda tharukuri pundanu mani oru mura nirupikkura da na yenga ipl international soliruken kaatu da punda,negative
punda damage yen sunniya peru senthu kadichutu irukinga porumaiya than vaila kuduka mudiyum porumaiya varusaila ni lunga,negative
yethu ipl ranji trophy mariya ada cricket yennanu theriyuma da ipl na clup cricket da muttal punda,negative
dei lusu punda oruthan fraud panrana apuram yethuku avan kuda match aadura lusu pundaya ni,negative
thevdiyapayale na suresh oda post la comments panen da makku koothi unna tag panala da punda,negative
dei mi fixing panuthuna complaint pani ban panra malumutti punda,negative
muttal punda yaru yen comments vanthu aluthutu irukingapaaru da na adi vangurena kanavu pundaila valatha naaiye,negative
dei makku punda cricket pathi onnum theiryatha thathiya irukiye da,negative
ni yen sunniya pudichu oombirukka da punda first poi nalla paaru da vanraj thevdiyapayale,negative
ada makku punda typo error agurathukum na solra concept kum yenna da sambatham iruku lusu punda,negative
lusu punda trigger aagi olaratha da,negative
shumma iraa malumutti punda,negative
years pan punda aaittu ambani mafia pathi pesuthu paaru naai,negative
oh my paruppu puli theviduya punda,negative
yes bro punda avlo soft ah iruku maami ku,negative
othaa thayoli yaara nee physco kuthiya nee unkitta pesi time waste pannita punda ethvathu mananelli maruthuva manaila seridhu treatment paaru daa thambi illana un manakula iruku vandhu da pothu potta badu,negative
ippaium katharu da thevudiya punda,negative
look semmaya iruku da punda,negative
prakash kena punda,negative
unga amma ku punda irukka ookka vara solren,negative
gay punda dei,negative
ne vangiko da punda,negative
appo nee punda thevdiya,negative
poda punda,negative
dai nee mudra punda,negative
paathutu pesu da potta punda,negative
morattu rofl bro mass bro poda punda,negative
intha punda ithaan chance nu over ah panitu irukaan,negative
ivaru periya punda oodra sunni,negative
kalusada punda dei,negative
adei theavangu punda,negative
diractor acting theriumha wig anna dance aatuva sir diractor punda acting theriumha nu ketta loosu kothi maari dance aatuvanu sollra mental punda,negative
athayea ne social media la than da sollura pea punda,negative
unga amma punda irukku da thayoli mavane,negative
ada kiruku punda,negative
gommala snapchat ah ban panunga da pundaingala kasta pattu number vanguen daa gothaa punda snapchat video call pathutu cut panitu vanthuten da pundaa sunni thailee,negative
chi gay punda,negative
varisu nadichey apa trla koothi padam nu collection vanta periya iva avana award adra punda first,negative
ivan uthama punda ilanu enakku apovey theriyum ivana valathu vittathu intha kuthiyanuga than,negative
punda punda,negative
good morning da punda,negative
ungomma va neeyeh vdo eduthruka andha gundu punda ne dhana,negative
ivanga oru aalu punda padathula win pana mudila pundaingala,negative
kena punda palvadi,negative
yoww ennaya moonji punda idhu,negative
national award vj kita iruka da bunda talent iruntha thanda national award tharuvanga lusu punda,negative
vaiyatha ulla ilutha six pack ada dummy punda,negative
daii dummy punda ira award kum national award different theriyatha tharkuri atha vidu pa csk ethana award vangi irukan odaney vijay award nu sollitu vantharatha,negative
punda mane,negative
poda sotta punda,negative
enda punda unaku la interview eduka enna thagudhi irukuda,negative
yenda elumban devdiya payalae unnakku vj anna competitor aagalanu nenaippu punda irukko oththa vj annavoda flop movie gt gt gt gt unga career best movie da pae pundaingala,negative
ava dance punda attitude koothy lam paatha ericha punda than varuthu,negative
loosu thayoli cini market epdi iruku nu paru da punda,negative
ada thevdia mavane loosu pund mathiri pesunathu nee naan yaaruku support panna unaku enna da punda soothu eriyuthu enna mayiruku naan potta post ku reply mayiru oombuna pundaya mooditu unnoda velaya paaru,negative
avan oru aalu punda bullet oru poolu punda ne oru kena punda,negative
intha pundaiku than ni yellam laayaku varusa punda van paniyum naai adangala,negative
ada makku punda tharukuri pundanu mani oru mura nirupikkura da na yenga ipl international soliruken kaatu da punda,negative
punda damage yen sunniya peru senthu kadichutu irukinga porumaiya than vaila kuduka mudiyum porumaiya varusaila ni lunga,negative
yethu ipl ranji trophy mariya ada cricket yennanu theriyuma da ipl na clup cricket da muttal punda,negative
dei lusu punda oruthan fraud panrana apuram yethuku avan kuda match aadura lusu pundaya ni,negative
thevdiyapayale na suresh oda post la comments panen da makku koothi unna tag panala da punda,negative
dei mi fixing panuthuna complaint pani ban panra malumutti punda,negative
muttal punda yaru yen comments vanthu aluthutu irukingapaaru da na adi vangurena kanavu pundaila valatha naaiye,negative
dei makku punda cricket pathi onnum theiryatha thathiya irukiye da,negative
ni yen sunniya pudichu oombirukka da punda first poi nalla paaru da vanraj thevdiyapayale,negative
ada makku punda typo error agurathukum na solra concept kum yenna da sambatham iruku lusu punda,negative
lusu punda trigger aagi olaratha da,negative
shumma iraa malumutti punda,negative
years pan punda aaittu ambani mafia pathi pesuthu paaru naai,negative
oh my paruppu puli theviduya punda,negative
yes bro punda avlo soft ah iruku maami ku,negative
othaa thayoli yaara nee physco kuthiya nee unkitta pesi time waste pannita punda ethvathu mananelli maruthuva manaila seridhu treatment paaru daa thambi illana un manakula iruku vandhu da pothu potta badu,negative
ippaium katharu da thevudiya punda,negative
look semmaya iruku da punda,negative
prakash kena punda,negative
unga amma ku punda irukka ookka vara solren,negative
gay punda dei,negative
ne vangiko da punda,negative
appo nee punda thevdiya,negative
poda punda,negative
dai nee mudra punda,negative
paathutu pesu da potta punda,negative
morattu rofl bro mass bro poda punda,negative
intha punda ithaan chance nu over ah panitu irukaan,negative
ivaru periya punda oodra sunni,negative
kalusada punda dei,negative
adei theavangu punda,negative
diractor acting theriumha wig anna dance aatuva sir diractor punda acting theriumha nu ketta loosu kothi maari dance aatuvanu sollra mental punda,negative
athayea ne social media la than da sollura pea punda,negative
unga amma punda irukku da thayoli mavane,negative
ada kiruku punda,negative
gommala snapchat ah ban panunga da pundaingala kasta pattu number vanguen daa gothaa punda snapchat video call pathutu cut panitu vanthuten da pundaa sunni thailee,negative
chi gay punda,negative
varisu nadichey apa trla koothi padam nu collection vanta periya iva avana award adra punda first,negative
ivan uthama punda ilanu enakku apovey theriyum ivana valathu vittathu intha kuthiyanuga than,negative
punda punda,negative
good morning da punda,negative
ungomma va neeyeh vdo eduthruka andha gundu punda ne dhana,negative
ivanga oru aalu punda padathula win pana mudila pundaingala,negative
kena punda palvadi,negative
yoww ennaya moonji punda idhu,negative
national award vj kita iruka da bunda talent iruntha thanda national award tharuvanga lusu punda,negative
vaiyatha ulla ilutha six pack ada dummy punda,negative
daii dummy punda ira award kum national award different theriyatha tharkuri atha vidu pa csk ethana award vangi irukan odaney vijay award nu sollitu vantharatha,negative
punda mane,negative
poda sotta punda,negative
enda punda unaku la interview eduka enna thagudhi irukuda,negative
yenda elumban devdiya payalae unnakku vj anna competitor aagalanu nenaippu punda irukko oththa vj annavoda flop movie gt gt gt gt unga career best movie da pae pundaingala,negative
ava dance punda attitude koothy lam paatha ericha punda than varuthu,negative
nee yaaru da tharkuri punda avan kaeta kelviku samantham illama olaritu iruka,negative
indha sildra punda vera,negative
sotta than vilum vayasu aiyrum romance punda ye varathu enjoy na ennanu keppom love apdina enna nu keppom aga motham manushan mari iruka matom,negative
sotta punda,negative
deiii punda panrathu thevidiyathanaam ethula vera soon nee sunniya umbathan,negative
dei mendal punda valarppu naai thayoli dhanush poola oombi polachittu pechu punda mattum nalla than ya irukku,negative
poda kulla punda,negative
fake id punda suma iraaa,negative
ivru periya punda poda sunni,negative
dai thayoli elumbaa fdfs filla panna vakku punda illa idhula poster pathi pechu pundalaam thevayaa daa unakku originald la vaada potta elumbaa,negative
ada lusu punda kasol isplace in himachal pradesh gaaji koothiyane,negative
gaaji punda dei,negative
mutta punda kanna nalla thorandhu paru enga aalu pannadhu,negative
antha padamum red gint than da kulla punda,negative
kena punda,negative
kena punda itha thukitu vara ivalo neram gomma punda,negative
dai bommer punda poda,negative
proof kaattraaa punda,negative
poda punda,negative
poda punda,negative
poda punda puli okk loss than beast loss ha yaara nee,negative
gotha punda,negative
nkp flop nu solra mutta punda lam yaarnu paatha anil pundaga dha vera evanum flop nu solla matan,negative
fake froud punda,negative
zee news ella news laium potanga indha thevdiya pasangaolu vitu suthranga adhum nambura mada punda thevdiya maganeh,negative
angutu poi oombu jhon kokkan tweet poi paaru ila sundar tweet ah poi paaruda pea punda therinaaiku porandha thevdiya maganeh,negative
dei mental punda rcb match continous lsing team da mayiru mumbai all matches win oru punda arivuyum ila csk women teamum ila,negative
owner ambani dhan da csk kita lam women teame ilaye adhan dhoni poi women ku support srini mama kita keklaya nu ketan da punda,negative
rendu peru mention pannan srini mama and dhoni adhan ketan yara sonnanu samadha punda ila ma pesu hari,negative
sunni mathiri dp punda,negative
neengala kadha punda uda koodathu da sunni,negative
motivation lam irkatum first srini mama kita soli women team form panna solu da punda,negative
gomma punda,negative
po da punda,negative
ava enkita epavum pesa matta enaya parthale poda punda nu tha soluva neeye pesu da poi dm la,negative
mairu bala thevidiya payale amai thevidiya punda,negative
ama ivaru periya cid punda orama poda tharkuri nayaeee,negative
neinka matum than hack pannuvenkala punda nankalum pannuvom next pushi anand number release aakum paakiriyaa,negative
revenge is revenge da punda canada thayooli ne matum than hack pannuviya nankalum pannuvom,negative
poda froud punda,negative
oombiye valranda thevidya magan komali punda,negative
fitness vechu ena pana ipl la verum cup than adichurkan varushathula mada punda dhoni rohit varushathula cup,negative
garbage movie ah adhu yenna et nu ninaichiya da punda ask ur kullan family member theatre he ll say whodoing garbage movies amp whothe king of box office,negative
nellai laam oru ooru punda neeyallam oru aaalu punda,negative
neeyallam oompa than di laayaki kandroli oru match kooda adichi tharla moonji pundaya mattum soga pundaya vachikuva pee punda queen aam queen koothy queen kandroli,negative
indha punda update thara maran next year dhan pola,negative
dai otha neeya periya mafia punda otha ongala yennaki eppadi suuthu addika poorangalo appo erruku da onnaku ommala,negative
unoda pn padam dhanda thevdiya punda una mari aalunga naala dha fans kulla sanda varudhu otha dei vekama ilaya da sothu la uppu pota thingara ila pii ya thingaraya da bunda mavanea,negative
duckmaster liton das kangaladesi punda,negative
fans kulla fight varthae unna maari punda naalatha,negative
editing da punda,negative
ennamo tamil la ajith than athiga filmfare vachuruka maari pechu punda filmfare vachu irunthum vijay kaal kila than irukan mr ajith vijay movie telugu celebration ithu maari video ajith ku onnu kaatu da aamai,negative
seri thunivu nalla padam illa vera edhu nalla padam sarkar bigil mersal master theri beast varisu idhelam nalla padam apdi dhana pee punda oru off beat film panradhuku dhill punda kedaiyadhu commercial masala illana vijay zero da accept the reality,negative
amah broh avan lusu punda,negative
uncle ne ena vida china paiyana dai kelatu punda summaa iruu daa,negative
agent tina dha rolex vida talk of the town ah iruthuchu andha time la athuvu illama rolex character ah picha pottathu loki picha eduthathu surya edukurathu picha ithula egathala punda vera,negative
apa neium itha video va pathutu sirichutu tha irunthiya da piyyan kulla punda,negative
umpu thevdiya paya sunni soothadi kuduthachu punda muditu irukanum vaai punda than,negative
anthaa payam irukanum uupicis,negative
unna paatha paavam ah iruku di ipdi aayitiye kadaisila unnoda palaya tweets ella eduthu pathu padichu sirichutu iruka inimel moodikitu irukanum seriya ipodheku kelambura bye di darling enkita vechen ipdi dha irukum nelama,negative
thevidya payan ulla dha irukanum yaarum thappa padikadhinga what meant was education should be useful not to be wasted like this iyervaal,negative
arr already tamilnadu oscar vaangi romba naal aachu really rrr deserved we proud that got oscar as indian we shud proud but if come to comparison for this one then arr already bagged oscar to tn so pocha muditu irukanum golts congratulations team,negative
othaa thayoli yaara nee physco kuthiya nee unkitta pesi time waste pannita punda ethvathu mananelli maruthuva manaila seridhu treatment paaru daa thambi illana un manakula iruku vandhu da pothu potta badu,negative
yevanavathu tweet potta odanea copy old elam pathachu semma adi pola la pathachi fulla unaga dala ya kaluvi uthirikaga,negative
amala ji next dalai padathula heroine nadikuranga th scene la rubber pudiji aaruthu vitu poda potta nu solranga nama madam padathula mukkiyamana emotional scene,negative
poda potta pundai,negative
paathutu pesu da potta punda,negative
wait for outsiders they will give an initial to ur daughter son potta thayoli,negative
dai potta nalla vandhurum olunga idiru,negative
paragraph type panu azhudhuteh potta thevdiya indha azhuvu azhuvudhe,negative
poda potta toili,negative
ithula potta cheeyan uncle ah,negative
nee potta bunda nu nenachen poda comali,negative
dei thayoli naan ne potta ss ku sonan,negative
nee yaruda panda karadi ku pant shirt ah potta madhiri volunteer ah vanthu vandila yerura,negative
hmm appo keeravani better than ilayaraja nu post podu ambalaya irundha potta,negative
potta paiya,negative
dai thayoli elumbaa fdfs filla panna vakku punda illa idhula poster pathi pechu pundalaam thevayaa daa unakku originald la vaada potta elumbaa,negative
ari da potta,negative
naanum ambala than nanum aambala than moment potta koothi,negative
potta naaye dei maadesh,negative
potta anils,negative
ambalaya junni ah iruntha antha admin bundaya space ku kootitu vaa potta matri page la pottu buluthuna periya maira avan panrathu mollamaari thanam ithula periya pudingi matri vera pesraan,negative
komma soothula ommbuchu kodi poda amai koothi potta koothi,negative
poda potta,negative
john suriya potta picha theriyama video edit pannitu irukan piyaan kulla kuthi fan,negative
appan yarunei theriyadha anadhai tevdiya paya un address engada theru porukki first unaku ella irukanu paru appala aduthavana umbu avar illana unakei address mayiru oru pundaiyam illai nee ellam pesalama de first goppan yarunu therinjuttu vade potta thayoli,negative
sontha dp vaikka theriyatha potta orama poi oombuda,negative
pooda potta,negative
lokesh vijay ku sr prabu potta pichanu therichum veliya katikama suthum thevagugala,negative
Summave iruka maaaatan pola,negative
Maxx  Zayn    Nanu antha list ila iruken ipo tha kevalama iruku ivana poi pethu iruka Nu,negative
Inga iruka heroes padathaye ott la thaan paapanunga idhula adutha state hero ku vaai vakkiradhu,negative
Edhachom oru padam tamil odirka avan nadichadhu Enda moolaye illadha mutta ku    Maariye pesitu iruka,negative
Yen    peru pora alavuku Punda perusa iruka da aravani funda,negative
Unnaku sunniye illayamey neeye fingering pannitu iruka Unga appan maari nee poda angutu poi oombu,negative
Nura  twtz  Yow andha time Sathyajyothi last ah d kuda Collaborate panna movie maaran so andha situation ku apdi thaan keka mudiyum palaya tweet ah thedi kandu pudichu iruka yaruya nee         Vaathi  CaptainMiller,negative
Mohamad Ex ak fan Nu sonna apo munnadi kutti kuduthu irupa pola atha enna sollura Unga aatha ipo evan kuda annupi vachu iruka vijay kuda va Illa surya kuda va Illa dhanush kuda va sk kuda va yaru kuda da,negative
FZ Nalla manusahan tha athukaga namma ak va pathi pesuna summa iruka mudiuma atha,negative
Sambavam weight ah iruka Poguthu       Kadharals ah ipove draft panni vachukongaa da small boys    Maaveeran,negative
Kelambi avanga nattuku poda   Inga enna vengayathuku Kanda naayoda varala solli oppari vachuttu iruka,negative
cr pathila pesuringaley da     CR movie motha iruka da              po po poi vijay fans UM oomburatha paaru nga,negative
Apdi orama poi oppari vai da Komali    Illana nerla vaa enga RSS office ku   potta Koli kunju ku andhalavuku thairiyam illa nu theriyum adha twitter la kambu suthittu iruka,negative
Ahh umbuninga da nenga ungalu kuklaiye umbikuringa pola otha rubber punda vachi erukuravan la wig wig nu solli umbi iruka,negative
Dei ennamo nee matum ambalai dra mair pesitu iruka en veetku varavan lam avala  Okkama  Ponathey illa,negative
Paakurathuku paakava iruka,negative
Dai yaara ketu da ivanunga kuda sparing potutu iruka ne,negative
Yaruya intha comedy piece photo va thukitu suthutu  adei potta  unaku tha vekam manam ila   hathuku elathuku irukathu nu nenaikatha  na la Ajith fan ah thalaya kuda katta mate  vekam ye ilama tweet potute iruka,negative
Bayangara Sombaaa iruka ya neee Un kaatulaaa malathaaaa,negative
Gaaji ya vum Iruka,negative
Yenga ooru olu vangi porantha devudiya maganey naa paatuka summa fun Aha thana pottan avnga cmt la nee enna devudiya athu ithukura ippadi tha Unga aatha vum road la pora enna v kulla kuptu unna petha athey maari nee UM iruka,negative
Paadra ungalkye     rs na   Adha ketutu  inum uyiroda iruka engalku evolo,negative
youthwing  Chennai  Innuma da oppari vachuttu iruka kothadima   Ungamma Gopalapuram kudumbathuku kundi kaluvi mudichittu veetuku varuva  Wait pannu,negative
Perfecttwitz  Intha thandam engayu iruka matan athula,negative
Ipo nee enna oombi iruka devudiya funda magan,negative
Dineshh     Reply panirye punda puluthi la potu dha pesuviya    un dp la iruka potta ajith nenachiya ipdila pesa,negative
off Enna da zombies kuda senthu bit padam eduthu vachirkingala  Atha kuda vittu vaikama Mandi pottu iruka pola,negative
joel Pondaati iruka kelatu pundaya,negative
Aana onnu da kothadima   Unga annanum neeyum orey vidham    Rendu perthukum romba chinnadhu   unga Annan paravalla kasu iruku polachikuvan   nee paaru ipdi aadu naaye nu  mbittu iruka,negative
Aana romba pavam da nee   ungamma um vittutu poita   nee ipdi anadhaya twitter la pora vara aambala pasangala ella   mba kooptutu iruka,negative
Edhu oru aattu kutty ah kooda vittu vaikalaya da  Romba kaanju poi iruka da kothadima  Oru nalla potta naaya   ya kalyanam kattiko   Adada adhuku andha potta naaye othukumanu theriyalaye   pulu size ah yaaru kattikuva sollu,negative
Devil   Unala ungomma pendala    suma ooompidre iruka ajith msg vandale    poi angudu ooompugada thevudia pasangala,negative
Devil   Yenda koothi manasthchi ilama poi puluguraiga nu theatre owners soldrainga nium pee pulugura   atha vidu sunni motho unaku adutha vela soru iruka collection pundaya pathi pesura   poi pee thunudu anna modulation pathu kai adichukoo,negative
Gopalapuram veetla kundi kaluvi vitutu iruka kothadima   Olunga kaluvi Vidu illada kallalaye adichu ooda vitruvaanuga,negative
Oh ho   ungammavoda koo va kilichadhu neethana   Gopalapuram veetla unnapathi complaint pannitu iruka  Nee evlo avasara pattalum ungamma late ah thanda varuva  Naa dhan sonnala  ava Gopalapuram veetla kundi kaluvuradhula busy ah irukanu  Wait pannu night uh varuva,negative
Yoww   nee ajith fan ah Rajini fan ah    mentalans maari pesitttu iruka,negative
Alien     Enna magane olaritu iruka,negative
Devil    Anathama poi palvadi la poi alunga da dummy piece thayoligala    beast varisu nu soothadi vangide ungaluku monna punda pechu vera   pee moola iruka payaluga polampuga da nala,negative
Watha ET Trailer Views Song views lam Pota oru Kulla Naainga Kuda Uyiroda Iruka Mattinga,negative
vohra Innumada nambitu Iruka,negative
Off  Ama sollitaru          unga skin enna steel ah senchuvachu  iruka    naanga thirumpa  adichalum ungaluku pazhuthukum,negative
amalapaul  Dusky Amala   ennama iruka dusky katta,negative
inthankena koothi twitter vittu poita naadu azhingiruma  enna twitter ivanala tha iruka pola   iva twitter irukarathukum DMK ethuku aaampidu irukanunga  kiruku koovainga,negative
Enada ithu Saamiya iruka getup ah comali show la vachu  cookwithcomaliseason  No comparison required on the original   But ithu theva ilatha aani again from Vijay tv shit,negative
Olunga paaru Unga amma THa Unga v la iruku amma va pannura alavuku gaaji la iruka,negative
Ponnu iruka va,negative
Nan inga dan irukan andha moodevi vara mata d whatsapp la dan active ah iruka anga vena gc create pannu,negative
manoj  Ora sombu mayama Iruka pola Manoj,negative
Setha kiliku koondu edhuku da potta  Gopinath ngra pera oombinath vachuko  Eana already nee Gopalapuram veetla athana pannitu iruka,negative
pulikesi     Adapavigala  Nallavey iruka matanunga,negative
Ivala la patha iva la paka theva ila   paru paka   mari Iruka ga,negative
Tweets  Athu iruntha nee yen Ajith ku fan ah iruka pora,negative
Athey tha nanu kekuran    peru maari iruka Unga appan maari illa ithula oru Kelvi Nu thukkitu vara Unga appan ta Unga aatha ta intha Kelvi ketta eppadi iruku nalaiku unnakey mrg agala apo ippadi ketta unnaku eppadi irukj,negative
Enga iruka korangu,negative
They removed this promo will remove this content for sure tomo  Adei namma tamil sentiments mathri avangalukum Antha sentiments iruka da  even rishabhshetty denied to do this during interviews Cringe ku use panitu irukanunga Cringe guy Pugazh  CookuWithComaliSeason  Kantara,negative
Raguram Nee solradha yaaru kekaranu twitter la oppari vachuttu iruka dance master   Nee evankooda searndha engaluku enna,negative
Vetrimaran poola poitiya da     tc vaathi ungoppan vetrimaran ah eduthan   intha oolaiye pudichi inum oompitu iruka  vera ethachum eduthutu vanthu en zip ku vaai vai en poola un vaai ulla vitu aaturan,negative
Jathu Unga kita irukadhadha na engakitalam iruka pothu,negative
Off Inga iruka poruki thinra Ella trackers naingalukkum soru pottu valakira periya nai vijaynrathu unakku theriyala pathiya,negative
BALA   Yaara nee Mutta bunda Maari Pesitu Iruka  Avan Avanuku Ethu Pudichi Iruko Atha Than Vilayduvanga Loosu Bunda Maari Pesitu Iruka,negative
Adei madaiya kooli velai ku Vara vadakkan's elaarum   madam kalichu unnoda akka thangachi chai ah parichi kola panitu jolly ah Avan oru ku poi settle aagiduranga   Ni muttu koduthutuu iruka   sangiSpotted,negative
dmk  Pacha sangi ipo atchi la yaru iruka  TASMAC ellam mudiyacha  Kothuadimai Vella nalla pakura,negative
nan Kadariey saavuda jaari veri tayoli   Eppadiey kadari kadari seeman ku suttu nakkitu iruka vendiyatu taa,negative
Ipo problem illa macha     Athaan ne iruka     x machi irukaan    Alien    intha chinna koothiyan irukaan   onum problem illa,negative
k Dai Ara mental enga post la nan pannalam da nee than sanghi dalda dappa veiche ketu Inga suthitu iruka  Enna annamalai jiii product Vera level mutta piece ha iruku,negative
Cruise off   Oho  Ada dei love naa ivlo public ah iruka koodaathu privacy varaikum kaatitu  Ivan handle la nerayaa ponunga photo iruku poi paaru,negative
Adei padma inu oditi iruku nu katuna  ni etho rohini ah vachu pesitu iruka   matutavani boys    th day le leading agi mothama gali agi inu comments epdi ya paniriga   vekam ila  next film ku promotion ah,negative
Aprm s  pakkamaiya s  papanga ennada mutta thanama pesitu iruka,negative
dmk Dei kothadimai Naya manasache ilama pesatha    ne tha atchi iruka enga raththu panu parom    mudiyathu ila,negative
Rajini vijay mutual evanum iruka mattan,negative
Un vaaila rubber vechutu iruka pesama oombitu irundhiya ajith madhiri eh irukinga potta aatam,negative
expiry   Adiyae AK thatha innum ha da usiroda iruka neeyalam,negative
Avanum adhe dhan vara maatan vandhalum effective ah iruka matan,negative
Arumaiyana uruttu   antha report varadum athukutha nangalum waiting   unga munchula kariya poosa    orediya polampiday iruka kudathu,negative
Dei loosu Anga Brahmins irunthanganu than solren   avarum athan ketaru   loosu mathiri pesitu iruka,negative
Ne enna maithuku arasiyala iruka ne panu,negative
Nee innum irukumbodhu naanga iruka enna,negative
Off  Nee ipdi la sonna mattum sottayana polakaama iruka poradhu ila  Jailer varatum  aprom dhan main adiye iruku,negative
Ellam pics la iruka date paatha theriyum  ni oru agmark aamai nu  Leo,negative
Unaku family la iruka,negative
ABISHTU D Ku Kunju Iruka,negative
nerdy   Dei echa   Thaalvu thailee   Pesran paaru pechu   Silra koodhi nu nee pesradhulaye teridhu   Una ellam vechiruka vendiya edathula crct ah vechirukanum   Adhan aditu iruka   Konjam poru,negative
Iva epdi iruka pachiya solunga,negative
Twitzz  Twitzzzzz  Unaaa apadi sumaa iruka vituduvomaa naanga ingaa vaa d unaku iruku,negative
Yow ne ennaya vanmatha kakkitu iruka unaku pudicha nadigar ra kondadu ya   en innum ipadi irukinga,negative
VK     azeem  Eppa nenga than fame pitchai edu ka vanthu tu Inga ollaritu iruka  Fame pitcahi eduthu thu Unga azeem fans than pa,negative
expiry   Nee poranthathu vera oru pundai ku unga anna vijay poranthu oorula ellarum othu thaaa potanthaan unga appan ulagathula iruku ellarum othathu la poranthaaa nee unga amma va othu un thambi poranthaa un thangachi sevvai kerakathula iruka aliens porathaaa da ulaga thevidiya family,negative
SK  Yow summa iruya already kaalailaye ippadi tweet pannaa  ippo nee vera ippadi pannitutu iruka,negative
offl Yow epdiya mayonnaise pidikama oru piravi iruka mudiyum Naan hotel ponaley mayo enga unlimited nu pathu dhan povaney,negative
Mutta pasangala  Reincarnation  concept iruntha athu Mahadheera va      Apa love concept iruka padam ellam Alaipayuthey va  Story and screenplay matters  Setha anathaama kedanga da clownu kyooties,negative
Innaiki match fullave TeamIndia oda fielding romba mosama iruku     st innings mudichitu dressing room la enna pesuvanga    especially Semi Finala iruka appo  staraikelungal starsportstamil,negative
VK   azeem  Innum ha da bb content hae urritu iruka eppa nenga romba danger pola,negative
VK  azeem  Unagala mathri fame pitchai eduka mattom da dalda dappi  Iruka fame hae pothum  Meikura thu eruma ithula enna perumai unaku,negative
moodi tu iruka pondati ni deserve panle da   pilla,negative
RockySk Road la poravan ta vangi kudichu kudichu munnadi pregnant ara alavuku veengi iruku pola seri seri Gundu koothiyan enamo hit kuduthu nakkuna maari inga vandhu nakkitu iruka,negative
kmr   VK  azeem  Yaru da ambi gif la viku kanniyan veshathula iruka madrilay iruko,negative
RockySk Tamilnadu thanduna yaru nu teriyathavan la tier list laye iruka matan daaa Pesama dalaya bike vlog panna sollu intha vayasu athu mattum tha mudiyum gundu pundaiku,negative
Deii boomer kulla proof proof nu pesura nee unga appa amma ku tha poranthanu prooof iruka thailleeee,negative
RockySk Arivu ketta punda pesa teriyama CP panitu suthitu iruka chiii odi poda punda mavane,negative
azeem   Aprm yaen da en tweet la kadhirutu iruka lusu vittu poga vendiyathan hae,negative
muzhu chandramukhi ya maari iruka nama Rajesh ah parunga,negative
avi nash   kitty Appo nee edhuku vro iruka,negative
Nee ean kothadima oppari vachuttu iruka   Adhu avanga katchi oda personal matter,negative
Nee eanda oppari vachuttu iruka kothadima   Adhu avanga personal matter,negative
Maharaja Ne inum polaya  kolaichutey iruka biscuit venuma,negative
surya    Tweets  Enada Sound Matum Kekudhu Aala Kaanum Anil Punda Dai Enga Iruka,negative
rg  Athu epdi da katchi la iruka ellarume ivlo thathi ah irukinga varalaru kooda teriyama first poi athelam terinjutu vandhu aprm     rs ku naaka thonga potu thiringa ipdi,negative
tweetz WWE paakran pola avlo vettiyavaa da iruka,negative
Bro brain la iruka vungaluku  Nethu chila release aagiruku so list la iruku  Athum views la patha eangala vida kammi ah tha irukum  Chuma vai eaduthu vanthuruvia bro  Paithiyama Ivan ngra feel tha varuthu vuna paatha Leo,negative
Unga fans in quotes ' adhu Ajith ah sonaru ' Neenga ' Suriya nu sandhegam '  Yaarra vena irukatum   aana athu vijay ah Iruka kudathu   ipdidhan Iruku neenga pandrathu,negative
Nenga indha poster la mention panni iruka endha theater la yum booking open avala and movie podala    Total ah chennai full ah   show dhan pottu iruknaga     what's the issue    Ivalo mosama release na pathadthu Ila     Thugs,negative
Graham potter   En magic iruka bayamen adutha stop ICU ward thaan,negative
Maharaja Ne dha da vandhu kadharitu iruka Inga mental thayili   yen ipdi kadharura,negative
Emarurathuku makkal iruka varaikum pori namathu pogathu,negative
Thevdiya payale  Link kaami da  Nee claim panrathuku proof iruka daa naaye,negative
Modhala unaku neyavagam iruka ne yaru nu,negative
Praveen   ithulam yaaru soldranu paatha  pathu thala oompu thala nu D fans kita poola oompitu iruka sombhu koothiyan fan oru poolum aatala ivanunga D ku competitor nu ooru fulla oompitu varanga ootha oru record mairum kedaiyathu keta D ku competitor nu D fans poola oompa vendiyathu,negative
Dei sunni   fan punda ilama thana thunivu la serupadi vangitu ukanthu iruka  inu vekam ilama pesitu irukan   naga le compare panrathu ila   Vodafone dog mari pinadi varathu mudevj,negative
Enna da olari kettu iruka beak uh koothi badey olunga pesuda       Son of gun chuthiya  Punda,negative
perk Varalaya nee paatha   Vandharajavadhan varuven padathuku banner la iruka simbu fans kuda varalaye,negative
Tire   irunthutu vijay ah oomba vara pun   po dhanush sk soothaduchutu iruka unakku avana beat pannu po,negative
Crct rmba kaduppa iruka,negative
offl Yovv ennaya ore gaaji ah tweet potuttu iruka,negative
FZ  expiry    offl   Piyaan ah seruppala adichathe Avan than  aana kuda Avanunga thayavu illama pozhappu ota mudiyathu nu vekkame illama avanuku madaki pudichi mmbitu Iruka,negative
Unaku manam rosam iruka,negative
Morattu reverse jinx potutu iruka polaye,negative
Ithey app la suthitu iruka,negative
aang   Yennaya pikkali thanama pesitu iruka pikkali thanama,negative
Answer iruka   Duplicate certificate dei  k   Sombu thuki    BJP,negative
Space podra Idea iruka da Junni,negative
Lusu munda Move on aanalum enaku puducha actress photola simp panna dm pannitu iruka     Ivala epudra kandukama vitta  lusu koodhi dinesha nee,negative
Prince   Ni than da enaku mmbi vitutu iruka tata salt mavane,negative
Sari athuku ya thalaivar ah side la pottu iruka antha wigmattayana top la pottu vachu iruka,negative
Maharaja  Rajini ku pudicha aalu    kamal mela iruka vanmatha solava venum,negative
Deii kulla inuma da nee muttu kuduthutu iruka   poitu     cr ah adinga da apro intha pakkam varalam,negative
ethuku    Crs nu katharitu iruka,negative
Ila en mandaila ena kena punda nu ezhuthi iruka,negative
Lokesh  Offl Anga ungalala pathi Onnumey sollalaye  aprm yen Rolex nu Umbitu iruka,negative
Next padathu director iruka    Illa  Ambala nu per iruka   Illa  Kuzhandha kuduka vakku iruka illa   Illa  Vijay kuda clash la jeichiya   Sethalum illa  Vaithula Thoppa iruka   Iruku  Killa rubber iruka   Iruku  Apo eluthu Ajith edhukkum vakku illadhavanu eludhu   leo  thunivu,negative
Anna neengha director nu yaaro ungha aaz manasula poondhu nambha vachi iruka Andha idhula paa Ranjith vetrimaran maari selvaraj ku competition Vera,negative
AK   innum official ah yedhuvum varala da Kulla Baadu  Ungala Madhiri Ool lam Vida Theriyadhu  Onnum illadha Kulla Thumaiku idhalam    Kuda Unmai Iruka Vaipilla da,negative
tweetz Neethan mendol maari ipo kaththitu iruka,negative
Offcl    Lokesh Idu paru ungamma   I've Pani sani Mari iruka munji paru ungamma,negative
Ni oru mental   nu prove pannitae iruka,negative
Riya va video calla pathu kaiyadika kunju iruka da unaku avale una mutti setha punda sollita poitu thookula thoongu da  punda,negative
Unaku mattum romba iruka bro     Unnoda tweet la ethanayo half boiled tweet iruku   mothalla namma kannadi munnadi paathu sollitu aduthavanuku advice vengayam ella sollalam bro,negative
Unmaya Sona yen kadharura  Avamanam ah iruka  Orama poi azhu da amai,negative
cr ku proof aamaiku iruka,negative
Gomma kita kelu da  ava than Sottai kooda iruka,negative
tweetz  What a response  Adhu terinja Edhuku Unge kitte vare porange  Ungaluku edhavdhu kalatre vele iruka,negative
Kulla baaduku   cr oompa vakku iruka da   ne ellam oompa vanta,negative
Poi complaint kodu naaya thuppu iruntha Inga vanthu kaathrikittu iruka,negative
Yaara ne  writes  pona jenmathula gay ah perandhu en kunja sappitu irundhaya ena  Un kooda la interact panadhu kooda ila vidama aludhutte iruka,negative
Vazhkaila oru thadava kuda jootha muditu irunthathilla   ini iruka porathum illa,negative
Dei eppa filmfare eh vangiyachu nee ennada    varsham delay la vandhu korai soltu iruka,negative
Pala varusham ah kuppula iruka ninga yenda kuruka varinga,negative
Unna neeye soliko pundamavane negativity spread panitu iruka Kena Kudhi Punda orama Poi Umpu,negative
Ne dha da ivalo Avalo nu Vaai Vittutu Iruka  ne Sollu Aprm Na Soldren,negative
Nalladhu seiyama rendavadhu vaati PM aaki iruka maatanga  neenga nalladhu seiyama dhan ungala rendavadhu vaati aatathukey serthukuradhu illa  finance min serupala adicha madhiri badhil solla start pannadhum soodu vecha madhiri therichu odura gumbaluku pecha paaru,negative
Aadithya  Ne enda mutta kothiya iruka athan da prechana,negative
Ena panra madam DMK Mari sapptu unaviratham iruka num,negative
Thappu panranga bro intha Dhanush  Simbu lam padam nalla kuduthutu atha nalla business panna matranga   ithu romba thappu  Sumara iruka SK movies lam collection aagum pothu ivangalukku lam inna kora,negative
deii unaku arivu iruka illaya da,negative
Ne inumaaaa itha urutitu iruka    yabaaaa ulaga Maga nadipu daw saami,negative
expiry   Oru    ruba thiruttu pona kuda anga Iruka ellam santhega padra moonji ah vechitu nee pesriya da A IdS thevangu    Suriya,negative
Alien      Adiye Anil sotta koothi enaku pesa theriyathunu soldriyedi oore ootha itemku porantha  uh ushhu thevidiya Munda naa sonna varthaya nee soldriyedi apo unaku mattum pesatherithadi thevidiya Munda     nee ennoda entertain di naa free ya iruka timela una opa,negative
Ithuku proof iruka Loosupundai iruntha kattu illana nee oru,negative
Pasanga olukama irukanum nu padam eduka thuppu iruka unaku,negative
Naa deputy manager da Sunni  Anil kuchian nenachaya kotha  En pola pudichi sappu appothavathu arivu punda varum  engineer ahm nee innum oompittu than iruka,negative
evarae photo edupara evarae oru account create panni athula poduvara   ketta yennoda fans yenmela iruka athitha pasathula fan page create panni avarukae theriyama photo eduthu poduraghala   unnaku vantha Ratham  Mathavaghaluku vantha Thagalichuti,negative
strr Ne dha ela aunty number um vachi iruka,negative
Enna takkunu U certified maari suthitu iruka,negative
Adhuku neega Inga iruka yaravadhu nakka kupudanum,negative
MA Fighter   Lokesh Yaara nee daily koovitu iruka,negative
Enna Mr  Thirumavazhavan    akka Kaal la seruppu iruka illiya,negative
TN la SK Beat Panna Vakku Iruka sa Kulla Thuma,negative
SuriyaFC Ivalo place la Kullanuku Strong ah Iruka  Seri Aprm yen Innumum SK Kaaluku Kizha Irukinga,negative
ne en da inu bhoomi ku baarama iruka,negative
Aprm ena pundaiku quote panni iruka  Quote panna unoda tl varum kuda theriyathu thariku anil la irukiya da,negative
ada mada punda   naa Tamil dhan otha      nee dhan bio la Telugu marati nu oombitu iruka,negative
Ungomma soothulaya vro proof iruka ila gunivu maathiri unga dala vada suda poriya,negative
pharmacist   Intha Beauty parlour paradesi mava pakka DMK hatred vachu serupadi vangitu iruka,negative
off Part kertu tu punda idhalaam dhanush Vijay sethupathy laam vaanguna dummy punda padatha  Evanaachu paapana naaruna pundaiku    crore elaam flop pundaiya vachukittu  otha alu nee mattum iruka idha vachukittu indha dummy pundaiya enada pandrathu,negative
Dei kurutu bunda Evan da ipo muttu kuduthathu thapuna thapunu soltu poga poranuga avlothan  Ne dhan animals kunja saptitu iruka,negative
R AK  Ne dhaan da wanted ah vandhu azhudhutu iruka tharkuri,negative
Ant King  India la iruka dogsla etho onu rendu miruga thanama iruntha  Athuku Karanam animal lovers   Seri intha rape murder ku lam manushan pudingiyathu ena     Its an accident it hurts search for solution  Bunda mari pesitu irukatha,negative
twitz  Neengale uyiroda irukumm podhumm naa iruka matenn ahh,negative
Adhu Epdi Oruthanum Kanduka en tweet ah nee matum quote pandra    Uppu Pocket Fulla vachitu iruka polaye,negative
Engayo oru Amala oru pona rape pani kolran  Athuku un sunnya aruthu Vita epdi irukum  Arivu bunda mairu alvula iruka Naaya kaal eduthu adicha athu solution illa violence Dare will you do this to an elephant and wild animals   Don't show your strength to weak people,negative
Indha naai innum kadharittu than iruka bro  Naan oru kelvi ketan badhil illa  Neenga oru kelvi ketinga badhil illa  Rajini sangi nu kathitu odiruvan  Vijay madhiri ye oru impotent pola,negative
Dei  Unaku elam Manasakshi nu onnu iruka da Vikatan mandaiya    Ne ye sollu da ethana naal paendavar katchi kaga ulaichaaar nu    Biggboss  movie shooting  ku nadula epavacum holiday break kedacha mattum dhan  ivaru katchi vela paaparu   idhu oru katchi nu mark vera podanuma,negative
Omma punda ipa ni taanda aludutu yen tweet ku la quote tweet panitu iruka     modala vatisu original collection    crores nu original number ah terinji vandu en pooluku vaii podu poda punda,negative
Omma ku punda iruka modala pottaiku tana poranda ni    clash la soothadichi vitadu patada ungala modala ambala madiri nadanduko eduku vijay madiri panra,negative
kumar   Unga amma koodhi kilicha vijay Kamal kita keka vendiya kelviya eduku yen kita kekuram mixed sprem    because ni enakum matum illa enaku vijay Kamal nu elarukum porandu iruka    apa unaku   appa va       poi enitu va po,negative
Dei dei mentalu   Again mental mari arambikatha da    unaku ipo peasa onum ila athanala penathikitu iruka   Athe than keten ipo madungaluku kanji thani veikuratha niruthi konudalama  Athuku ans panama katharitu iruka,negative
Padathaye Ott la vitutu yarra nee komali song ah Vida ivlo anathitu iruka,negative
kumar   My dear thevidiya paiya  paithiyakara koodhi ni tanda en comment section la kadaritu iruka     unaku already piles vandu adula raththam seel vandudu ootudu pola     unga  amma  va na ta potanu unaku teriyuma ilaya da gay punda,negative
Yov yov   Ne unmaiyave ipdi thana ila nadikuriya  Therula iruka    naiyayum vetukula vechi valaka mudiyathunuthan porapo varapo ethachum vangi podrathu   Domesticated animal na vetukula matum than vechi valakanuma  Saraku potrukiya,negative
Madan Enada sotta     mukitu iruka,negative
When Pandey gets up  Vandumurugan : IM SPEAKING.. NO CROSS SPEAKING... SITTT DOWNNN,Negative
Dialogue pundaiye puriyala. Otha theatre la nacham sound seri pannungada.,Negative
Poda mokka moonj unna pathale siriputhan varuthu super herovaam adutha mugamoodiii,Negative
dei kelthu kuthi ajith ivana yaru nadika sona,Negative
Yaaru ivanaa... INDHA Kosu Asoorana dei ennada Unga Rasana....,Negative
epdi like pottavan Eallarum seathupogada,Negative
Dai ranjit nee idha parthu film eduka kathuko,Negative
entha kannada naiyai ennum tamilnattil erunthu anupalaiya?,Negative
ivara pathta death vadi madiri irukku,Negative
When Pandey gets up Vandumurugan : IM SPEAKING.. NO CROSS SPEAKING... SITTT DOWNNN,Negative
En thalaivan vijaysethubathi kaga matume na padam papan matha entha p..... illa,Negative
En da.. trailer layae ivlo slow motion nah.. padathula paathi duration slow motion layae mudichirpeenga polayae,Negative
Rajini ah vida akshay mass ah irukane,Negative
Dialogue pundaiye puriyala. Otha theatre la nacham sound seri pannungada.,Negative
Poda mokka moonjI unna pathale siriputhan varuthu super herovaam adutha mugamoodiii,Negative
dei kelthu kuthi ajith ivanya yaru nadika sona??????,Negative
Yaaru ivanaa... INDHA Kosu Asoorana dei ennada Unga Rasana....,Negative
epdi like pottavan Eallarum seathupogada,Negative
Neenga enna vena kathukonga aana Hollywood padathukku dubbing mattum kathukathinga,Negative
3 minute trailor vida thil irukkaa....bollywood la panranga....tamila mudiyuma???????,Negative
entha kannada naiyai ennum tamilnattil erunthu anupalaiya?,Negative
ENPT ku kaathu kadanthathellam oru nimishathula poiruchu,Mixed_feelings
Sakthimaan fans like Sivakarthikeyen fans comment,Mixed_feelings
rajini and akshay fans hit like,Mixed_feelings
Padaiyatchi nu sonna mattum ungalukku jaathi veri nagi reddi settiyar mudaliar nu sonna adhu jaathi veri illaya,Mixed_feelings
U1 kaga paakuradha illa sk kaaga verukuradhane therila but mithran + u1 kaaga kandipa paakanum,Mixed_feelings
Oh my god .. it's rajini for you,Mixed_feelings
Love u thalaivaaaaaaa avangala aarani Anastasia's Alabama and Anastasia's,Mixed_feelings
En thalaivan vijaysethubathi kaga matume na padam papan matha entha p..... illa,Mixed_feelings